Name,Birthdate,Age,City,State
Peter Kennedy,2002-09-21,21.0,Teresaburgh,Nevada
Alan Campbell,1941-08-28,82.0,Pamelashire,Texas
Douglas Stone,1937-01-19,87.0,Mirandafurt,California
Corey Gates,1973-08-12,50.0,Stewartview,New Hampshire
Susan Mack,1967-08-24,56.0,Kenttown,Arizona
Claudia Cantu,1938-12-06,85.0,West Amy,Massachusetts
Melvin Bush,1937-04-16,87.0,New Carloshaven,Tennessee
George Hill,1995-04-22,29.0,New Racheltown,Indiana
Jacqueline Taylor,2005-11-02,18.0,,Arizona
Ashley Jones,1992-03-22,32.0,East Rachel,New Jersey
Natalie Miller,1946-01-09,78.0,West Nicolemouth,California
Austin Smith,1997-06-12,27.0,Evansburgh,Delaware
David Smith,1999-04-27,25.0,New Adamtown,North Carolina
Keith Wells,2003-07-07,,Lake Taylorhaven,North Dakota
Thomas Moore,1981-12-30,42.0,East Charleshaven,Massachusetts
Rachel Sloan,1936-09-03,87.0,South Whitney,Alaska
Bradley Grant,1994-09-20,29.0,Jimenezborough,Mississippi
Jeremy Fritz,1972-08-02,51.0,North Sandrachester,New Mexico
Jennifer Nichols,1986-09-06,37.0,Port Melissa,South Carolina
Jacob Morgan,1947-05-30,77.0,Nolanhaven,Georgia
Dr. Matthew Navarro,1986-09-23,37.0,Mullinstown,Washington
Michael Holt,2006-06-29,18.0,Deanhaven,Washington
Mark Powell,1975-01-07,49.0,South Jasmine,Minnesota
Sharon Campos,1982-11-06,41.0,West Brittany,Maine
Michelle Nicholson,1949-04-23,75.0,Port Hannahburgh,North Carolina
Kyle Miller,2001-07-29,22.0,Mistyview,Michigan
Mr. Craig Watson DVM,1990-01-07,34.0,West Jennifertown,Michigan
James Snow,1987-09-20,36.0,Carlaville,Idaho
Cheyenne Horton,2005-05-20,19.0,Davisburgh,West Virginia
Pamela Hicks,1972-11-15,51.0,Justinbury,North Carolina
Christopher Shaffer,1983-05-28,41.0,Chasehaven,Michigan
Rodney Young,1986-11-02,37.0,West Carrie,South Carolina
Chad Martin,1991-07-28,33.0,Acostafurt,Kentucky
Mary Carter,1982-06-11,42.0,East Wyatt,Utah
Deanna Pittman,1954-07-21,70.0,Coleborough,New York
Joseph Sosa,1987-03-21,37.0,North Latasha,Iowa
Jonathan Watkins,1991-01-17,33.0,Grahamborough,Delaware
Donna Bush,1957-02-02,67.0,South Mark,Colorado
John Allen DVM,1941-05-17,83.0,Raymouth,South Carolina
Michelle Lucas,1974-09-14,49.0,East Michelle,Alaska
Jessica Brown,1977-12-29,46.0,Roberttown,Nebraska
Keith Boone,1974-11-04,49.0,New Jamie,South Carolina
Mary Williams,2003-11-19,20.0,New Jeffreymouth,Massachusetts
Paul Peck,1967-07-10,57.0,,Utah
Ms. Marilyn Adams,1984-12-09,39.0,New Monique,New Jersey
Nicole Johnson,1987-12-04,36.0,Mallorymouth,South Dakota
Alex Pena,1949-07-22,75.0,Hallton,South Dakota
Joseph Cook,1992-06-03,32.0,Lake Charlesshire,Louisiana
Marissa Stevens,1943-06-23,81.0,New Lauren,Utah
Travis Jackson,1975-01-30,49.0,Lake Adrian,Wyoming
Janet Chung,1994-07-04,30.0,Scotthaven,New Hampshire
James Stewart,2005-09-24,18.0,Port Christianburgh,North Dakota
Kathleen Gregory,1997-07-12,27.0,Port Ebony,Tennessee
Peter Bowers,1963-04-16,61.0,West Williamchester,Montana
Hannah Tran,1963-05-20,61.0,West Lisa,Massachusetts
Rachel Kelly,1964-05-04,60.0,South Robert,Iowa
Laurie Hill,1949-01-05,75.0,Tinamouth,New Jersey
Nicole Morgan,1981-07-05,43.0,Carlosborough,Tennessee
Daniel Long,1938-02-22,86.0,North Jameschester,South Carolina
Denise Brown,1997-12-31,26.0,South Edwardview,Idaho
Tammy Mason,1942-06-14,82.0,Clementstown,Mississippi
Audrey Lee,1984-06-14,40.0,Rachelfurt,Wyoming
Taylor Booker,1942-08-07,82.0,Lake Rickyfort,New Jersey
Susan Stafford,1963-10-11,60.0,Samanthachester,North Dakota
Joseph Evans,2002-01-23,22.0,Fullerview,Montana
Robert Donovan,1986-01-26,38.0,North Wendymouth,Connecticut
Cassandra Mitchell,1955-09-24,68.0,Ortizchester,West Virginia
Lori Moody,1999-02-04,25.0,Jameston,Oregon
Stephanie Turner,1994-02-24,30.0,East Roy,New York
James Cardenas,1975-04-01,49.0,West Megan,Wyoming
Jamie Reyes,1972-06-01,52.0,East Danielle,Utah
Ronald Williams,1950-08-25,73.0,Perezshire,Michigan
Travis Thompson,1971-11-15,52.0,Lake Karen,New Hampshire
Jonathan Wilson,1962-09-02,61.0,Port Patricia,
Anthony Raymond,1991-02-23,33.0,West Timothychester,Tennessee
Melinda Floyd,1984-06-21,40.0,Hernandezport,Rhode Island
Vincent Peters,1948-10-19,75.0,Stricklandborough,
James Mann,1984-09-14,39.0,Christyside,Maryland
Brenda Waller,1993-09-16,30.0,West Christianhaven,Georgia
Blake Davila,1946-03-16,78.0,Howardville,Illinois
Bailey Hansen,1970-01-25,54.0,Potterville,Wyoming
Sabrina Carter,1955-04-21,69.0,,Nebraska
William Fisher,1987-08-20,36.0,New Stephen,Louisiana
Debra Norman,1946-03-03,78.0,Mitchellberg,South Dakota
Andrew Smith,1934-07-12,90.0,Lisaside,West Virginia
Sarah Wiley,1986-07-03,38.0,New Lindsey,Oregon
Matthew Parks,1944-02-08,80.0,Tuckerberg,
Justin Smith,1973-09-17,50.0,Garzamouth,Illinois
Lorraine Evans,1959-01-10,65.0,Reginaldfort,Oregon
Summer Johnson,1985-05-29,39.0,Howellbury,Kentucky
Rodney Lester,1986-01-16,38.0,East Grace,New Jersey
Nicholas Thomas,1960-01-04,64.0,West Alisonmouth,South Carolina
Edward Rodriguez,1937-06-26,87.0,Crawfordchester,Wyoming
Theodore Kelly,2005-05-08,19.0,West Colleen,Wyoming
James Gordon,1980-10-27,43.0,Allenville,New York
Nicholas Pena,1985-01-15,39.0,Kaitlinland,New York
Monica Sutton,1966-06-20,58.0,East Andrewtown,Oregon
James Thomas,2003-03-04,21.0,West Kari,Utah
Kevin Kelly,1969-11-16,54.0,New Amanda,Ohio
Gwendolyn Brown,1960-02-04,64.0,Nancychester,Rhode Island
Brianna Marsh,1991-04-03,33.0,East Joseph,Oregon
Albert Barrera,1968-06-01,56.0,Woodardfurt,Michigan
Tara Lang,1948-03-05,76.0,Williamsmouth,Ohio
Ryan Lloyd,1951-02-17,73.0,Barrettfort,Hawaii
Kathleen Hernandez,2002-07-08,22.0,Robertmouth,New York
Steven Lopez,1979-10-10,44.0,East Kimberly,Tennessee
Melissa Wilson,1942-08-05,82.0,Shawtown,Ohio
Elizabeth Anderson,1992-10-06,31.0,Mikaylafurt,Montana
Brooke Williams,2004-09-04,19.0,East Gracestad,Michigan
Richard Clark,1994-12-25,29.0,Melaniefort,Washington
Cory Greer,1963-04-30,61.0,Ronaldport,Illinois
Benjamin Woods,1936-10-11,87.0,Lake Beverlychester,Missouri
Carol Soto,2000-12-27,23.0,East Charles,Georgia
Amanda Long,1974-04-01,50.0,Graychester,Missouri
Austin Hawkins,1986-10-17,37.0,Lake Rachel,Maine
Cathy Miller,1955-04-06,69.0,New Becky,Massachusetts
Tiffany Duncan,1951-04-15,73.0,Dayhaven,Minnesota
Regina Kidd,1975-04-20,49.0,Weaverburgh,Rhode Island
Kenneth Edwards,2000-09-17,23.0,Elizabethfurt,Wyoming
Lorraine White,1990-10-16,33.0,Port Anthonyton,Tennessee
Christina Jones,1954-09-10,69.0,Lake Martha,South Dakota
Shelly Sellers,1952-01-17,72.0,Anthonyside,Alaska
Charlene Molina,1984-10-12,39.0,West Stephanie,Kentucky
Joel Strickland,1950-09-07,73.0,Keithburgh,Illinois
Lance Joyce,1969-05-20,55.0,,North Carolina
Amy Becker,1959-05-11,65.0,South Sheliaville,Idaho
Wendy Peterson,2003-08-10,,Joshuashire,South Dakota
Samantha Tyler,1981-12-22,42.0,Brooksstad,Connecticut
Dr. Debra West,1936-04-28,88.0,Lydiaborough,North Carolina
Michael English,,82.0,New Jacqueline,Delaware
Jennifer Brown,,63.0,South Amy,Maine
Michael Velez,1978-06-04,46.0,West Raymond,Maryland
Brittany Curtis,1988-08-14,35.0,Edwinshire,South Carolina
Shelly Kirby,1946-08-16,77.0,East Nicholas,Mississippi
Andrew Callahan,1960-07-14,64.0,North Alyssachester,Oklahoma
Logan Riley,1975-04-17,49.0,West Charlesbury,Idaho
Elizabeth Gallagher,1937-11-02,86.0,,West Virginia
Katherine Young,1959-02-21,65.0,Laceyborough,Arkansas
Alicia Stevenson,1963-10-19,60.0,South Karenmouth,Oklahoma
Jacob Turner,2004-07-14,20.0,Jeromemouth,Illinois
Barbara Davis,1995-06-17,29.0,West Destinyhaven,Texas
Cory Gordon,1994-06-25,30.0,Michaelborough,Texas
Jason Martin,1946-03-26,78.0,Lake Thomas,Massachusetts
Henry Allison,1953-01-03,71.0,Benderchester,New York
Cynthia Simon,1994-11-21,29.0,Littlechester,Alaska
Elizabeth Moreno,1947-09-28,76.0,Whitefurt,Hawaii
Denise Salazar,1974-03-24,50.0,Lake Sean,Ohio
Mark Schmidt,1935-01-25,89.0,Harveyshire,Alabama
Nicholas Newton,1987-12-18,36.0,South Brendaborough,South Carolina
Kenneth Hamilton,1965-06-05,59.0,Trantown,Michigan
Christopher Gutierrez,1975-10-02,48.0,Diazville,Kansas
Sharon Bowman,1980-07-10,44.0,South Kennethmouth,Oregon
Charles Massey,1938-06-25,86.0,Malloryview,Kentucky
Brianna Haas,1936-06-28,88.0,East Jenniferview,Tennessee
Mindy Watson,1944-10-21,79.0,Carrilloborough,Ohio
Daniel Smith,1946-04-06,78.0,North Brettton,Connecticut
Rebecca Baird,1990-11-29,33.0,New April,Maine
Bruce Aguilar,1989-11-06,34.0,East Jamie,Ohio
Jade Campos,1984-06-22,40.0,Bradyfurt,Alaska
Matthew Green,1978-04-05,46.0,Stevenshire,South Dakota
Christina Nguyen,1977-11-08,46.0,Martinchester,Missouri
Mitchell Lee,1993-11-02,30.0,North Rachelside,South Carolina
John Shelton,2002-02-15,22.0,New Jennifer,Hawaii
Danielle Ramirez,1960-10-30,63.0,Port Amandastad,Ohio
Aaron Wilson,1963-12-14,60.0,Gordonville,Mississippi
Dr. Melissa Edwards DDS,1985-03-26,39.0,Port Rogerview,Kansas
Richard Berg,,64.0,Smithstad,Montana
Miss Jasmine Abbott,1940-11-19,83.0,Lake Rebecca,New Jersey
Jason Bradley,1941-03-04,83.0,Port Alexanderland,New Hampshire
Terry Livingston,1956-05-17,68.0,Port Caitlyn,West Virginia
Brittany Adams,1934-09-27,89.0,Mckenziefort,Ohio
Jerry Rodriguez,2001-07-28,22.0,Lake Aaron,Idaho
Kevin Fernandez,1987-04-26,37.0,Lisaview,Washington
Kevin Wheeler,1970-09-10,53.0,Maryfurt,Louisiana
Amy Wall,1975-07-09,49.0,Kellyfurt,Delaware
Rebecca Golden,1955-02-07,69.0,Mullenside,California
Samantha Mendez,1994-10-08,29.0,Paulfort,Missouri
Susan Matthews,,73.0,North Jose,Washington
Melissa Peterson,1999-11-13,24.0,Jacksonborough,Pennsylvania
Billy Schneider,1986-04-12,38.0,Drewport,South Dakota
Nicole Willis,1955-01-13,69.0,Floresbury,Pennsylvania
Anthony Brown,1963-04-10,61.0,East Crystal,Indiana
Jonathan Colon,,26.0,Port Jacqueline,Virginia
Rachel Austin,1954-06-05,70.0,Port Dylan,Maine
Jeremy Edwards,1964-09-14,59.0,Brettberg,Colorado
Megan Martinez,1950-05-21,74.0,Lake Hollyfort,Virginia
John Velazquez,1961-01-27,63.0,East Emilyborough,Idaho
Benjamin Diaz,1950-11-29,73.0,,Oklahoma
Stephanie Hunt,1981-01-20,43.0,South Brianfort,Arkansas
Theresa Allen,1956-07-14,68.0,Susanmouth,Iowa
James Duran,1962-11-20,61.0,Hannahburgh,Virginia
Victoria Garcia,1963-11-14,60.0,New Catherineside,Alaska
Jacob Mendez,1937-11-07,86.0,Brewermouth,Mississippi
Shelly Bailey,1991-12-02,,New Ruth,Wyoming
Anthony Ortega,1994-05-22,30.0,South Ruth,Tennessee
Kristen Taylor MD,1936-11-27,87.0,Debraside,Mississippi
Kayla Mccarthy,2004-02-03,20.0,Hancockstad,Indiana
Angel Brown,1938-10-12,85.0,Lake Johnberg,Florida
Dean Berry,1978-07-18,46.0,North Charlesbury,Virginia
Kevin Lewis,1994-02-11,30.0,East Alexandria,Alaska
Christopher Arnold,1936-09-26,87.0,Lake Jamieshire,Delaware
Donna Williams,1958-03-29,66.0,Bergerview,Michigan
Eric Richardson,1948-02-04,76.0,South Kelly,Massachusetts
Amy Brown,1960-08-19,63.0,New Vickiside,Missouri
Richard Hernandez,1975-02-09,49.0,Blackwellchester,Delaware
Shannon Potts,1962-09-06,61.0,Burtonburgh,
Ronald Clark,1991-05-01,33.0,Stevensonmouth,Utah
Kenneth Smith,1949-01-12,75.0,Martinstad,Maine
Margaret Brown,1964-12-28,59.0,Port Brandon,Michigan
Nicole Rice,1935-10-28,,East Stephanieview,California
Jacqueline Freeman MD,1945-02-01,79.0,Tracyshire,Alaska
Hunter Woods,1980-11-12,43.0,North Gabrielle,Arkansas
Eric White,1989-10-02,34.0,Sanchezburgh,Hawaii
Matthew Farmer,1956-06-25,68.0,Lake Dakota,Mississippi
Mary Hall,1948-01-12,76.0,West Justin,California
Vincent Harper,1933-07-25,91.0,Burnsstad,Texas
Sheri Walters,1992-09-28,,East Richardborough,Florida
Christine Parrish,1955-11-04,68.0,West Robert,Georgia
Gina Green,,19.0,Taylorton,Texas
Kiara Garcia,1946-07-03,78.0,West Maxwell,Wyoming
Ms. Virginia Davenport,1984-12-27,39.0,Pamelahaven,Hawaii
Katie Ruiz,1965-07-09,59.0,East Courtneytown,Pennsylvania
Daniel Smith,1990-10-26,33.0,Carlfurt,Washington
Briana Thomas,1971-12-21,52.0,North Philipland,Montana
Jessica Barber,1981-08-30,42.0,Laneshire,North Dakota
Robert Dunn,1952-06-24,72.0,Guzmanton,South Dakota
Alexandra Price,1986-10-11,37.0,Benjaminchester,Michigan
Cynthia Richardson,1989-08-15,,Websterfort,Georgia
Mr. Adam Zhang,1940-06-18,84.0,New Patrickfort,
Darius Wells DDS,1934-02-21,90.0,Williamschester,Ohio
Sheila Short,1991-04-26,33.0,Newtonbury,Alaska
Brandon Miles,1970-05-09,54.0,Hudsonside,Utah
Kevin Booth,1965-11-21,58.0,West Scottstad,
Micheal Crawford,1944-04-09,80.0,Careyshire,New Hampshire
Kayla Ellis,1976-08-04,47.0,Williamsville,West Virginia
Vanessa West,1934-08-04,90.0,Davidsonchester,Rhode Island
Phillip Reynolds,2000-08-29,23.0,Williamschester,Nebraska
Steven Wright,2003-04-12,21.0,New Martinmouth,Illinois
Thomas Torres,1939-09-29,84.0,New Ashleyton,California
Antonio Walker,1964-07-10,60.0,South Shaneport,Kansas
Colton Ford,1991-09-14,32.0,Lyonsport,Washington
Lindsey White,1966-08-28,57.0,West Vincentville,Kansas
Gregory Forbes DDS,1956-10-29,67.0,Melissashire,Hawaii
Todd Pruitt,2004-03-21,20.0,New Jonathan,West Virginia
Gabriel Osborn,1997-04-30,27.0,Joannaberg,Vermont
Mr. Daniel Ray,1949-04-04,75.0,Christopherstad,Iowa
Lisa Robinson,1981-04-13,43.0,East Diana,Kansas
Sheryl Boyd,1965-12-09,58.0,North Kaylaton,New Mexico
Nicole Peters,,64.0,North Wendy,Kansas
Casey Morris,2003-06-07,21.0,Thomasbury,New Mexico
Alejandra Parrish,2004-06-23,20.0,Jenningschester,Texas
Angela Lang,1977-10-21,46.0,Andersonstad,Georgia
Ronald Mcdaniel,1978-10-10,45.0,Lake Ericburgh,Virginia
James Cooper,1999-05-28,25.0,West Victorside,Oklahoma
Rita Hale,1936-05-29,88.0,Jenniferberg,Indiana
Joyce Solomon,1969-02-22,55.0,Lake Jameschester,Arizona
Shannon Casey,2000-09-09,23.0,New Wayneborough,North Carolina
Jennifer Rivera,1991-11-14,32.0,,Oregon
Justin Turner,1996-04-13,28.0,North Joseph,Nevada
Matthew Wagner,,19.0,Kennethtown,Kansas
Shannon Smith,1949-12-27,74.0,Alvaradoview,New Jersey
Julie Phelps,1984-11-22,39.0,Cooperchester,Kansas
Jennifer Carroll,1991-05-28,33.0,Lake Jamie,California
Lee Bray,1951-09-17,72.0,West Joshua,New Hampshire
Frank Shelton,1980-04-08,44.0,East Cindy,Georgia
Kayla Clark,1947-12-03,76.0,Chanburgh,Oregon
Jennifer Hall,2003-08-22,20.0,Matthewmouth,Rhode Island
Kelly Lee,2001-02-19,23.0,East Patriciabury,Arkansas
Christopher Cameron,1948-07-27,76.0,Lake David,Nebraska
Dillon Reed,1954-08-12,69.0,West Randy,New Hampshire
Tom Pierce,1950-05-18,74.0,Thomasberg,Arkansas
Jimmy Wilson,1934-11-29,89.0,Perrytown,Mississippi
Joe Rivas,1953-06-17,71.0,Port Karen,West Virginia
Samantha Vance DVM,2001-08-17,22.0,Lake Mariaton,Illinois
Curtis Wilkins,1997-11-16,26.0,West Harold,Kentucky
Timothy Bowman,1957-03-28,67.0,East Tyrone,Texas
Shari Davis,1950-05-15,74.0,East Johnny,New Jersey
Steven Gonzalez,1977-03-17,47.0,Port Benjamintown,Delaware
Lisa Molina,1956-05-04,68.0,Nortonmouth,New Jersey
Tanya Rich,2000-12-03,23.0,Matthewsburgh,Alabama
Timothy Prince,1939-06-15,85.0,West Timothyton,New Hampshire
David Harris,2005-07-28,18.0,South Diane,Vermont
Samantha Brown,1952-09-16,71.0,Georgeview,Pennsylvania
Jerry Cunningham,1965-03-20,59.0,Susanport,Wisconsin
Matthew Tanner,1992-10-24,31.0,Stephanieville,North Dakota
Amy Wheeler,1941-10-01,82.0,Beckville,Virginia
Michael Davis,1977-05-28,47.0,Justinton,Delaware
Joseph Gentry,1954-10-03,69.0,Normanberg,Idaho
Deborah Adams,1985-04-06,39.0,Robertmouth,New Hampshire
David Ruiz,1945-02-03,79.0,Matthewburgh,Rhode Island
Rick Miller,1939-07-04,85.0,Joelhaven,Alabama
James Johnson,2001-11-07,22.0,Elizabethchester,Wisconsin
Joshua Dodson,1981-10-25,42.0,East Robertville,Louisiana
Debra Glenn,1953-10-06,70.0,New Ashley,Alaska
Laura Taylor,1992-08-20,31.0,Sparkschester,Nevada
Charlotte Morrison,1947-04-11,77.0,Port Sydneymouth,Tennessee
Diana Perkins,1967-04-24,57.0,Adamsberg,Utah
Antonio Allen,1946-08-03,78.0,Port Devinport,South Dakota
Nicole Oconnell,1951-04-15,73.0,Lake Ashleyborough,Nevada
Mark Jackson,1955-12-03,68.0,Travismouth,West Virginia
Keith Valencia DVM,1943-04-18,81.0,New Shaunville,Mississippi
Antonio Alexander,1966-08-11,57.0,Fitzgeraldbury,Georgia
Christopher Stevenson,1978-03-01,46.0,Moniquefurt,Alaska
Richard Gonzales,1995-10-18,28.0,East Mariaberg,Rhode Island
Micheal Kelly,1962-09-13,61.0,Alvarezton,Idaho
Kelly Fleming,1966-06-03,,Jenniferside,Florida
Sarah Jones,1992-03-11,32.0,South Jennifertown,Colorado
Andre Williams,1973-02-01,51.0,Lake Brian,Missouri
Joseph Jones,2001-01-08,23.0,Port Edwardbury,Michigan
Vicki Boyd,1975-12-26,48.0,West Christineville,Vermont
Angela Scott,1963-01-07,61.0,Oneillberg,Wisconsin
Teresa King,,19.0,Gregorymouth,Wyoming
Wendy Hernandez,1963-04-07,61.0,Howeberg,South Dakota
David Jensen,1990-02-01,34.0,Braychester,Minnesota
Savannah Rhodes,1973-01-03,51.0,,Vermont
Cody White,1994-10-23,29.0,Nicholasside,South Carolina
Luke Collins,1971-05-14,53.0,West Patriciaburgh,Hawaii
Jennifer Gay,1982-02-09,42.0,South Christopher,California
Frances Crosby,1950-10-28,73.0,Melissahaven,Montana
Leonard Barnes,1977-05-22,47.0,Port David,West Virginia
Derek Young,1973-03-04,51.0,Loweryburgh,New Hampshire
Kelli Collins,1990-05-14,34.0,North Erik,Vermont
Charlene Arnold,1978-12-21,45.0,,Colorado
Thomas Cox,1996-02-26,28.0,Zacharyport,New Mexico
Tonya Wood,1975-05-12,49.0,New Michelle,Georgia
Amber Waters,1970-02-25,54.0,Ingramfurt,West Virginia
Jason Huffman,1963-03-21,61.0,East Thomasborough,Wyoming
Matthew Rhodes,1987-11-19,36.0,,Maryland
Brianna Gomez,1944-02-24,80.0,Harrisontown,Mississippi
Sara Freeman,1965-01-27,59.0,South Katherinechester,West Virginia
Steven Gonzales,1978-08-10,45.0,West Vincent,Wisconsin
Lauren Cobb,1950-06-20,74.0,Jacobland,Hawaii
Kayla Roman,1974-04-03,50.0,East Darrellton,Montana
Lori Fuentes,1970-01-06,54.0,Jeremyhaven,Alaska
Christina Kelley,1998-07-30,25.0,North Connorfurt,South Carolina
Karen Phillips,1976-05-18,48.0,North Brian,Nebraska
Anthony Cruz,1953-10-12,70.0,Davidbury,Arizona
Dale Sawyer,1986-05-26,38.0,Kaylaville,Kansas
Sandra Miles,1936-10-06,87.0,Graymouth,North Dakota
Jared Martinez,1963-10-03,60.0,Kristinafort,Michigan
William Santiago,1974-08-03,49.0,Port Priscilla,Washington
Darlene Hanson,1965-02-27,59.0,North Heatherland,Mississippi
Lindsay Young,1990-08-22,33.0,West Crystalview,New Jersey
Nicholas Wright,1949-05-07,75.0,South Patrickburgh,Virginia
Michael Murray,1956-06-07,68.0,Edwardshire,Vermont
David Whitehead,1942-03-31,82.0,Kylehaven,New York
William Cook,1980-09-08,43.0,Michelleport,Florida
Jennifer Madden,1944-01-27,80.0,Whitneyfort,Kentucky
David Hawkins,2006-03-01,,South Kristin,South Carolina
Daniel Hebert,2003-01-13,21.0,Hernandezville,Maine
Thomas Lee Jr.,1974-05-10,50.0,West Noahport,Minnesota
Jacqueline Gilbert,1976-03-01,48.0,Lake James,Georgia
Kathleen Thompson,1955-10-20,68.0,Port Shannon,Illinois
Rachel Hernandez,1983-06-10,41.0,Port Nicholas,Alabama
Lori Wilson,1940-05-20,84.0,West Andrewborough,South Carolina
Kenneth Brown,1956-12-14,67.0,East Kylehaven,Michigan
Kelsey Cochran,1961-10-29,62.0,East Vincent,Maryland
Connie Lee,1953-08-08,70.0,Williamschester,Nebraska
Joan Green,1940-06-29,84.0,Smithmouth,Indiana
Briana Owens,1966-06-07,58.0,Port Blake,New Hampshire
Drew Washington,1936-08-09,88.0,East Stephenmouth,Louisiana
John Fernandez,1945-03-25,79.0,Greenside,Missouri
Kyle Mcguire,1939-05-30,85.0,South Matthewfurt,Maryland
Maria Young,1983-10-15,40.0,South Suzanne,Tennessee
Cindy Howard,1945-08-26,78.0,East Amy,Wisconsin
Joseph Boyer,1946-05-29,78.0,Margaretfort,Colorado
Amanda Roberson,1983-01-04,41.0,East Kelly,
Cindy Atkins,2003-02-21,21.0,South Laura,Maryland
John Smith,1991-01-13,33.0,Robertfort,
Taylor Peterson,1937-05-04,87.0,Port Adamland,Illinois
Lauren Smith,1995-03-24,29.0,Joshuaburgh,Mississippi
Wendy Mcdaniel,1934-03-28,90.0,South Robertton,Wyoming
Daniel Bailey,1963-01-16,61.0,Richardsland,North Carolina
Robert Miller,1983-08-29,40.0,Lake Christinamouth,Connecticut
David White,1959-08-09,64.0,New Anthony,Alabama
Ernest Garza,1996-03-04,28.0,Lake Heidichester,Vermont
Mark Baker,1936-06-26,88.0,New Katie,Colorado
Megan Lawson,1967-06-26,57.0,Lorimouth,Florida
Sarah Miller,1977-12-16,46.0,Carterstad,Rhode Island
James Schmidt,1988-05-27,36.0,Jonesside,New Mexico
Brendan Turner,1962-10-01,61.0,East Karenville,North Carolina
Thomas Estrada,1983-03-02,41.0,Johnville,South Carolina
Donna Johnson,1947-12-01,76.0,,New Jersey
Thomas Howell,1975-04-16,49.0,Melissaview,Mississippi
Bethany Patrick,1942-04-27,82.0,Port Justinton,South Carolina
Michael Bryant,1975-08-30,48.0,Port Rebeccashire,Florida
Melissa Pham,1987-08-25,36.0,South Mary,Hawaii
Lisa Obrien,1987-07-22,37.0,New Michele,Connecticut
Eddie Reynolds,1939-12-08,84.0,Martintown,Nebraska
Melinda Davis,1938-01-05,86.0,West Jessica,Texas
Carl Bates,1939-11-06,84.0,Emilyhaven,Arkansas
Scott Jones,1940-03-11,84.0,North Barbara,
Richard Smith,1968-08-27,55.0,Walkerport,West Virginia
Sharon Mcdonald,1947-05-23,77.0,,Ohio
Catherine Mooney,1947-07-13,77.0,,Hawaii
Kevin Porter,2005-06-02,19.0,Morganbury,Virginia
Jermaine Flowers,1972-10-06,51.0,Jamesberg,New Jersey
Kevin Garcia,1950-09-13,73.0,New Michelle,Washington
Debra Raymond,1961-10-24,62.0,Allenview,Washington
Erica Gaines,1976-06-21,48.0,West Ricky,North Dakota
April Rogers,1968-08-29,55.0,West Todd,Ohio
Alan Esparza,2000-08-27,23.0,Robertsmouth,Virginia
Jason Davis,1955-09-04,68.0,Whiteberg,Massachusetts
Thomas Butler,1954-03-12,70.0,Sandrahaven,North Carolina
Daniel Jones,1996-05-20,28.0,Ballville,Maine
Henry Hardy,1979-05-31,45.0,Loristad,Alabama
Ryan Martin,1981-03-09,43.0,Lake Devin,Alabama
Mrs. Rebekah Jones DDS,1935-02-12,89.0,Johnsonchester,Wisconsin
Clifford Taylor,1949-04-07,75.0,Jamestown,Virginia
Amy Boyd MD,1957-11-27,66.0,Williamsville,West Virginia
Vicki Garcia,1984-02-22,40.0,West Roybury,Oklahoma
Laura Ramirez,1985-11-29,38.0,West Laura,Arkansas
David Harvey,2000-12-24,23.0,West Stuart,Florida
Kristopher Hunt,1946-02-20,,Perryville,Oklahoma
Lori Perry,1962-04-13,62.0,New Leahfort,Massachusetts
Michelle Peterson,1975-07-16,49.0,Port Claire,Florida
Colleen Bryant,1935-02-28,89.0,Keithmouth,Minnesota
Jessica Gallagher,1993-05-18,31.0,North Stephenburgh,Maryland
Scott Ross,1973-01-02,51.0,Bryantfurt,Washington
Alexander Anderson,1987-03-25,37.0,East Richardport,Georgia
Steven Crawford,1952-08-27,71.0,South Patricia,Minnesota
Debbie Hopkins,1995-07-28,28.0,Port Lauren,Indiana
Peter Smith,1999-10-30,24.0,Matthewmouth,Massachusetts
Steven Johnson,1958-03-07,66.0,East Ashley,Colorado
Jeffery Mendez,1988-02-09,36.0,Paulmouth,Pennsylvania
April Kaiser,1942-08-11,81.0,South Charles,Wisconsin
Robert Adams,1959-04-11,65.0,Port Allison,Pennsylvania
Meagan Woods,2000-01-10,24.0,North Stephenton,
Miss Rebekah Jennings DDS,1938-11-07,85.0,Candicemouth,Vermont
Candice Clements,1981-06-22,43.0,West Susan,Missouri
Katelyn Davis,1962-09-10,61.0,Harrismouth,Oregon
Mark Mcdaniel,1977-01-01,47.0,,Illinois
Sarah Kim,1989-08-29,34.0,North Ashley,Texas
Scott Smith,1966-09-27,57.0,Port Abigail,New Mexico
Richard Jackson,1991-01-10,33.0,Lake Samanthachester,Rhode Island
Jillian Briggs,1959-06-28,65.0,Carrilloborough,Idaho
Christine Nelson,1951-06-26,73.0,North Damon,West Virginia
Jordan Young,1999-12-16,24.0,Morganchester,Colorado
Frank Diaz,1971-10-12,52.0,Port Rodneyberg,Hawaii
Philip Smith,1984-01-26,40.0,South Dana,Georgia
Leslie Jones,1948-03-25,76.0,Benjaminhaven,Hawaii
Felicia Wells,2005-12-11,18.0,Lake Katherineborough,Kansas
Selena Cook,1954-06-23,70.0,North Marktown,Illinois
Diana West,1954-09-26,69.0,Spencermouth,Wyoming
Amanda Smith,1979-09-22,44.0,Laraview,North Dakota
Gregory Avila,1960-04-29,64.0,North Wendyburgh,Connecticut
Anthony Long,1985-01-08,39.0,North Stevenport,Wyoming
Crystal Martinez,1958-12-30,65.0,South Lauraville,Ohio
Kelli Bailey,1983-08-16,40.0,Jeffreyberg,Connecticut
Michelle Reed,1969-07-12,55.0,South Sonya,Idaho
Joanne Ferguson,1965-07-18,59.0,New Amanda,Michigan
Jonathan Smith,1974-04-21,50.0,East John,Alabama
Jackie Peters,1987-01-13,37.0,East Janet,Rhode Island
Crystal Harris,1941-08-24,82.0,Haydenmouth,Florida
Mark Miller,1955-01-09,69.0,Melissaberg,North Carolina
Dawn Murray,1967-03-14,,Courtneyton,Indiana
Michael Kelley,1936-11-01,87.0,North Robert,Florida
Pamela Smith,1988-09-28,35.0,Martinezview,North Dakota
Darren Stewart,2006-02-19,18.0,Ryanburgh,Nevada
Crystal Fisher,1979-12-20,44.0,Emilybury,Michigan
Samantha Reeves,1938-09-06,85.0,Kennethmouth,Tennessee
Andrea Rowe,1957-03-10,67.0,Lake Shawnfort,Maine
Chad Bautista,1968-06-19,56.0,West David,Vermont
Brian Dalton,1981-10-22,42.0,Port Loriberg,Kentucky
Bryan Le,1968-11-24,55.0,Port Christopher,New Jersey
Jennifer Bartlett,2002-04-14,22.0,Port Johnstad,South Carolina
Tammy King,1963-01-09,61.0,Leeville,California
Joshua Rosario,1997-10-24,26.0,North Anthonymouth,Michigan
Kelly Smith,1968-03-16,56.0,Lake Rachelberg,New Mexico
Thomas Guerrero,1966-09-21,57.0,South Stacytown,Texas
Carla Salinas,1994-06-17,30.0,South Jenniferberg,Missouri
Megan Cross,1966-01-25,58.0,Lake Ryan,Montana
Michael Martin,1956-04-27,68.0,Ryanton,Nevada
Robert Russell,1955-04-16,69.0,Port Megan,Florida
Amy Wilson,1964-07-10,60.0,Joshuafort,New Mexico
Christopher Gonzalez,,49.0,Debbieland,Texas
Patricia Shepherd,1934-07-27,90.0,Erinmouth,Alaska
Travis Steele,1954-04-15,70.0,Taylorstad,Ohio
Meghan Benitez,1941-07-31,83.0,Josestad,South Carolina
Ashley Silva,1990-01-03,34.0,Garzafurt,Montana
Jeremy Gordon,1946-05-20,78.0,Perkinsmouth,Ohio
Miss Denise Pearson,1983-02-03,41.0,East Cynthiabury,South Carolina
Brian Gray,2004-11-24,19.0,Lake Brianside,New York
Kimberly Dennis,1990-04-03,34.0,Christopherfort,Utah
Michael Fuentes,1934-10-06,89.0,Malonemouth,New Jersey
Nicole Hendrix,1984-05-19,40.0,New Coltonberg,Missouri
Deborah Burke,1989-03-11,35.0,Latashashire,New Mexico
Cynthia Martin,1952-11-01,71.0,West Crystalshire,Minnesota
Drew Armstrong,1968-05-04,56.0,East Nathan,Wyoming
Travis Diaz,1953-10-04,70.0,,Vermont
Cynthia Caldwell,1969-03-14,55.0,Lake Sharonstad,Maine
Lisa Banks,1957-03-14,67.0,New Kennethville,New York
David Jennings,1942-07-11,82.0,Jonesside,Missouri
Kathryn Hernandez,1995-07-21,29.0,North Katrinaview,Idaho
Jason Graham,1935-07-08,89.0,South Michaelhaven,Oregon
Nancy Norton,1939-01-04,85.0,Grahamfurt,Nevada
Catherine Sawyer,1974-02-16,50.0,New John,Rhode Island
Sarah Perez,1988-12-16,35.0,Port Seanshire,Texas
Nicholas Tanner,1969-09-04,54.0,New Amandafort,Michigan
Susan Morgan,,70.0,Emilyborough,Nebraska
Kara Stewart DDS,1992-04-15,32.0,Bennettshire,Ohio
Jessica Perry,1945-08-18,78.0,Lake Erika,Arizona
Jeffrey Ortega,1963-11-10,60.0,North Regina,Wisconsin
Susan Chung,1961-05-14,63.0,New Brandyland,Connecticut
Alan Huang DVM,1948-12-26,75.0,Katherinestad,Nevada
Brandon Turner,1978-12-01,45.0,Jacobchester,Montana
Lisa Barber,1990-03-29,34.0,West Elizabethfurt,Alabama
Jeremy Edwards,1964-05-22,60.0,Port Logan,Alabama
Michael Carr,1997-02-16,27.0,North Amanda,Nebraska
Jeff Cruz,1958-01-09,66.0,Nelsonborough,Maine
Julia Jordan,1959-02-23,65.0,East James,Montana
Joshua Lyons,1954-02-12,70.0,Port John,North Dakota
Travis Lee,1977-06-15,47.0,Port Katherineside,Indiana
Latasha Moore,1942-05-27,,Bethborough,Utah
Tina White,1971-05-10,53.0,Lake Rachelberg,Washington
Abigail Newman,1989-03-16,35.0,Alexanderburgh,Rhode Island
Noah Warren,1978-05-17,46.0,Harringtonfurt,Colorado
Kayla Patton,1978-03-13,46.0,Lake Andrea,New Mexico
Debra Mcdaniel,1941-04-11,83.0,Campbellmouth,South Carolina
Mrs. Tonya Kline,1957-09-22,66.0,North Kevin,California
Christopher Mcclain,1968-09-02,55.0,,Virginia
Antonio West,1948-11-03,75.0,North Patricia,Utah
Brady Washington,1984-01-30,40.0,Lake Randy,Wisconsin
Veronica Hernandez,1941-05-27,83.0,Lake Monicamouth,Minnesota
Michael Thornton,1959-04-02,65.0,Danielville,
Dalton Brown,1936-10-18,87.0,Aaronport,Idaho
Dr. Daniel Martinez,1959-05-11,65.0,Laurenside,Illinois
Christine Horn,1950-03-22,74.0,Morrisonborough,
Emily Ross,1965-02-08,59.0,South Christopher,Washington
Jacqueline Bradley,1980-07-03,44.0,Pamelabury,New Hampshire
Jennifer Krueger,1988-12-16,35.0,East Nicholas,North Dakota
Christopher Taylor,1986-09-04,37.0,Lake Jackie,New Hampshire
Garrett Romero,1994-04-13,30.0,Willisland,West Virginia
Ronald Young,1934-01-29,90.0,,Pennsylvania
Allison Anderson,1992-11-02,31.0,Lake Timothy,New York
Daniel Porter,1981-10-15,42.0,Jessicaville,Oregon
Brian Wagner,1965-06-12,59.0,Hubbardmouth,Idaho
Michael Young,1992-08-02,31.0,Teresaberg,Nebraska
Kyle Jackson,1939-09-13,84.0,Stephensshire,Florida
Andrew Ayala,1941-08-22,82.0,West Rickyland,Texas
Bradley Hanna,1964-01-22,60.0,Lake Amandafort,Nebraska
Dr. Joel Clayton,1958-03-24,66.0,Patriciaside,Vermont
Dr. Vickie Hale,1991-10-06,32.0,Port Bethany,Kansas
Zachary Chavez,1950-04-04,74.0,Lake Christopher,Wisconsin
Jerry Miller Jr.,2004-02-12,20.0,Michaelmouth,Wyoming
Lauren Daniels,1961-04-06,63.0,New Marytown,Wisconsin
Kelly Hernandez,2005-12-20,18.0,Gonzalesfort,Virginia
Michael Garza,1935-06-22,89.0,New Larrytown,Illinois
Amanda Barnes,1993-08-03,30.0,East Brandon,Florida
Bianca Dickerson,1962-07-09,62.0,Cookton,Ohio
Erik Peterson,2001-05-11,23.0,Wilsonville,Wyoming
Emily Olson,1975-11-02,48.0,Stanleymouth,Delaware
Caitlyn Ali,1989-12-13,,West Kristinborough,New Jersey
Edward Hernandez,1989-03-20,35.0,South Justinburgh,New Jersey
Douglas Ward,1944-11-22,79.0,Reneefurt,North Carolina
Lori Russell,1967-06-22,57.0,West Johnchester,New Jersey
Lisa Martin,1948-01-16,76.0,Alifort,Florida
Sandra Thomas,1940-08-26,83.0,Rossborough,Idaho
Jessica Smith,1985-11-17,38.0,West Kaitlin,Florida
Ashley Ramirez,1956-12-13,67.0,Josemouth,New Hampshire
Tracy Howell,1965-09-13,58.0,South Maureen,South Carolina
Terry Walker,1951-01-18,73.0,South Zachary,Georgia
Austin Bailey,1996-02-11,28.0,North Sandra,South Carolina
Keith Gonzales,1943-05-09,81.0,Port Jefferyton,Vermont
Christy Johnson,1938-07-07,86.0,Zimmermanhaven,California
William Alvarez,1975-11-19,48.0,Jonburgh,South Carolina
Jamie Johnson,1936-04-11,88.0,Richardmouth,Wyoming
Andrea Contreras,1935-06-09,89.0,Jeffersonville,Wisconsin
Valerie Davis,2002-01-28,22.0,New Kimberly,Virginia
Bruce Vargas,1974-10-15,49.0,Jordanfort,Virginia
Kristi Butler,1965-07-03,59.0,Woodsburgh,Colorado
Karen Johnson,1949-08-20,74.0,New Ryanmouth,Indiana
Timothy Allen,1967-01-09,57.0,Marktown,Ohio
Elizabeth Zuniga,1965-12-12,58.0,Kennedyburgh,Ohio
Jeanette Macias,1942-06-08,,Brianside,Tennessee
Robert Delgado,1942-11-04,81.0,South Michael,New Mexico
James Cox,1982-03-20,42.0,Port Jenniferstad,Idaho
Alex Davis,1999-07-18,25.0,East Shelbyhaven,Vermont
Nicole Li,1933-08-07,91.0,Kaylaton,Rhode Island
Jill Walter,1981-02-03,43.0,Coleshire,Alaska
Wyatt Hanson,,18.0,Adamsside,Oklahoma
Stephen Mcdonald,1940-04-08,84.0,East Patricia,New Mexico
Scott Hernandez,1941-10-14,82.0,Port Tina,Wyoming
Lisa Gilbert,1953-05-23,71.0,East Karenshire,North Carolina
Mr. Reginald Hall MD,1962-03-07,62.0,South Jonathanside,Hawaii
Mark Andersen,1936-05-04,88.0,Port Kristopher,Alaska
James Thomas,1985-01-20,39.0,West Danielberg,South Carolina
Amber Wilson,1940-03-30,84.0,West Dustin,Alabama
Leslie Armstrong,1978-01-15,46.0,Sarahbury,Montana
Maurice Johnson,1994-04-19,30.0,Ryanchester,Delaware
David Wilson,1956-11-06,67.0,Smithfurt,Louisiana
Gary Mitchell,1985-01-23,39.0,Tracyshire,New Jersey
James Bright,1944-01-04,80.0,Grahamshire,Wyoming
John Diaz,1982-08-17,41.0,New Albertfort,Alabama
Brandon Harmon,2004-07-24,20.0,Carlsonbury,Wisconsin
Jackson Johnson,1983-07-15,,Tylerton,Florida
Kerry Gibbs,1935-09-18,88.0,West Lisa,Missouri
Amanda Ramsey,1965-01-02,59.0,North Connor,Oregon
Brian Hensley,2000-12-29,23.0,Crossberg,Ohio
Daniel Giles,1996-12-09,27.0,Marcusfort,Oklahoma
Diana Scott,2003-09-12,20.0,East Holly,Arkansas
Roy Barnett,1967-11-19,56.0,Carrilloshire,Georgia
Alison Jackson,1955-11-29,68.0,,Iowa
Jennifer Cervantes,1940-05-24,84.0,Lake Kimberly,Ohio
Sabrina Collier,1981-06-15,43.0,Port Ashley,New York
Laura Hampton,1999-11-06,24.0,South Gregory,West Virginia
Miguel George,2006-02-11,18.0,Keithberg,Iowa
Lisa Hawkins,2002-04-22,22.0,Lake Gregory,Massachusetts
Clarence Parker,1947-09-21,76.0,Oliviabury,Virginia
Tracy Brown,1968-02-21,56.0,Jeremyton,Illinois
Kimberly Hernandez,1958-11-11,65.0,Jamesstad,New Jersey
Keith Gallagher,1971-04-17,53.0,West Kristyfurt,California
Mr. Andrew Lane,1990-12-28,33.0,North Davidmouth,Connecticut
Jonathan Williams,1939-11-01,84.0,East Annamouth,North Dakota
Allison Fields,1935-08-03,89.0,South Alexanderland,Washington
Alyssa Hall,1995-08-23,28.0,Caitlinton,South Dakota
Jasmine Vasquez,1963-09-01,60.0,New Christinefort,Colorado
James Hill,1985-09-05,38.0,Edwardstown,Montana
Frederick Burton,1977-06-16,47.0,Port Logan,Massachusetts
Derek Wong,1940-02-24,84.0,South Rachel,Iowa
Andrew Bates,1979-01-21,45.0,Murphyview,Alaska
Meghan Wright,1946-09-24,77.0,Matthewsfort,South Carolina
Loretta Martinez,1949-08-31,74.0,Lake Amanda,New Hampshire
Lisa Sellers,1964-03-02,60.0,West Jamesshire,Mississippi
Dylan Johnson,1964-04-01,60.0,Dukestad,Missouri
Christopher Thompson,1978-05-27,46.0,Smithview,Nevada
Maria Cardenas,1948-06-17,76.0,Adamburgh,West Virginia
Maxwell Montes,1987-01-25,37.0,Lake Vicki,Alabama
Theresa Williams,2002-05-03,22.0,West Douglas,
Jessica Bell,1965-08-30,58.0,Brockton,Ohio
Michael Ramos,1953-04-15,71.0,Meganhaven,Oregon
Donna Silva,1989-06-15,35.0,Phyllisview,South Carolina
Charles Boone,1989-03-12,35.0,Edwardstad,South Carolina
Victoria Jones,,33.0,South Heathershire,New Mexico
Meredith Marshall,1948-02-18,76.0,South Veronicatown,Michigan
Lisa Hamilton,,71.0,New Colleen,Colorado
Joshua White,1938-07-30,86.0,West Megan,Massachusetts
James Griffin,1943-02-20,81.0,Watersside,Massachusetts
James Blair,1955-05-30,69.0,East Alexander,Kentucky
Jose Taylor,1957-12-14,66.0,East Sue,Michigan
Ruben Johnson,1976-07-05,48.0,South Mirandashire,Mississippi
Renee Harris,1971-02-07,53.0,South Madison,Alabama
Cassandra Porter,1959-07-04,65.0,Prattborough,Louisiana
Bradley Jimenez,1956-07-20,68.0,West Andre,North Dakota
Kevin Rogers,1990-03-22,34.0,North Adambury,Wyoming
James Stewart,1966-01-27,58.0,North Christinabury,Mississippi
Karen Mccann,1945-08-22,78.0,Bergton,Utah
Ashley Eaton,1987-10-04,36.0,Gillespiemouth,Kansas
Mary Dennis,,26.0,West Conniefurt,Delaware
Tracy Thomas,2001-02-24,23.0,Garrettside,Georgia
Shane Nunez,1975-08-26,,Hillfort,California
Maria Evans,,26.0,New Justin,Arkansas
Michael Thompson,1956-06-26,68.0,Christianville,North Carolina
Marcus Navarro,1968-03-12,56.0,Heatherberg,New Jersey
Natalie Edwards,1961-06-24,63.0,East Micheleborough,Oregon
Kathy Ramos,1991-12-26,32.0,New Kristenhaven,Rhode Island
Jesse Hamilton,1981-12-01,42.0,Watsonport,Maryland
Michael Robinson,1973-01-16,51.0,Alyssamouth,Idaho
Robert Sanders,2002-09-07,21.0,Harryberg,New Hampshire
Deborah Schmidt,1963-07-14,61.0,South Gary,Maryland
Nicholas Clark,1958-07-01,66.0,Salazarland,West Virginia
Deborah Rush,1997-08-02,26.0,Russelltown,Ohio
Austin Williams,2004-12-09,19.0,Whiteberg,South Dakota
Bradley Hunter,1953-11-22,70.0,Rogersberg,Washington
Russell Phillips,1933-12-17,90.0,West Katie,New York
Cassie Smith,2000-12-24,23.0,Cummingsstad,Oregon
Jeremy Simmons,1989-01-02,35.0,Ryanport,Wisconsin
Savannah Barron,1988-10-06,35.0,Parkerville,Minnesota
John Long,2000-01-22,24.0,Lake Kathryn,Iowa
Charles Davis,,74.0,Milestown,Georgia
Sarah Raymond,2000-07-31,23.0,North Sheri,Alaska
Robert Riley,1967-11-28,56.0,Port Amyton,Colorado
Jason Brown,1956-09-14,67.0,Rebeccatown,
Stephanie Norton,1985-05-11,39.0,New Mark,Illinois
Tammy Larsen,1956-08-12,67.0,Port Stevenburgh,Arkansas
Kelly Dixon,1938-07-26,86.0,Marshport,Pennsylvania
Chase Lawrence,1995-10-17,28.0,New Mariaville,Connecticut
Joel Peterson,1960-07-07,64.0,West Dianamouth,Wyoming
Jeffrey Shields,1968-04-24,56.0,South John,Hawaii
Samantha Brown,1946-05-25,78.0,Lake Georgeville,Mississippi
Kenneth Reyes,1961-04-30,63.0,North Gregoryview,Ohio
Todd Rogers,1990-06-19,34.0,Brandonland,North Carolina
Christina Martin,1939-01-17,85.0,East Danielfort,Colorado
Jeffrey Lucas,,48.0,West Justin,Wisconsin
Erika Edwards,1964-09-15,59.0,West Stephanieberg,Arizona
Judy Wilson,2006-05-02,18.0,Terriburgh,Arizona
Karen Campbell MD,1974-07-31,50.0,North Charles,Nevada
Christian Kelley,,80.0,Mitchellstad,Idaho
Ashley Williams,1957-11-04,66.0,Jamesfort,New Hampshire
Joseph Hahn,2003-03-06,21.0,Mitchellburgh,South Carolina
Charles Mcfarland,1992-10-31,31.0,Jasminehaven,Oklahoma
Ryan Armstrong,1970-08-10,53.0,,Michigan
Christopher Taylor,1952-06-11,72.0,Lake Jennifer,Hawaii
Denise Miles,1955-07-21,69.0,South Jordan,Oregon
Pamela Obrien,1963-06-05,61.0,Taylorbury,North Carolina
Wesley Kennedy,2002-10-17,21.0,Port Jesse,North Carolina
Kelsey Cordova,1947-07-19,77.0,Port Steven,Illinois
Jennifer Mathews,1970-06-24,54.0,Brendaside,Mississippi
Justin Hernandez,1995-10-17,28.0,Coreyfort,Minnesota
Mikayla Blake,1982-06-15,42.0,Anamouth,Michigan
Aaron Jackson,1959-07-03,65.0,Lake Douglas,New Jersey
Robert Curtis,1955-05-17,69.0,Phillipsmouth,Arkansas
Anthony Cortez,1948-08-31,75.0,Edwardsfurt,Rhode Island
Annette Daniels,1989-05-01,35.0,Morganville,Illinois
Laura Hill,1959-03-31,65.0,Davidfort,Massachusetts
Stephanie Daugherty,1951-02-28,73.0,Lake Jennifer,Colorado
Joseph Hill,1958-01-29,66.0,Shawchester,Georgia
Cassandra Nelson,1961-10-21,62.0,Herreramouth,North Dakota
Elizabeth Bryant,1972-04-12,52.0,New Sheriberg,Minnesota
Jared Golden,2003-07-10,21.0,Lake Sandra,Kansas
Richard Walters,1958-04-04,66.0,South Ronaldland,North Dakota
Jacob Little,1994-05-06,30.0,North Brenda,Tennessee
Jennifer Conley,1957-10-25,66.0,Port Kathyhaven,Nebraska
Richard Underwood,1944-11-03,79.0,Marissamouth,Wisconsin
Kevin Johnson,1998-12-20,25.0,New Diana,Maryland
Tammy Graves,1944-08-09,79.0,Baileyton,North Dakota
Kelly Silva,1935-10-27,88.0,South Ryan,New York
Brett Ortiz,1958-08-25,65.0,South Alexandertown,Virginia
Jordan House,1988-02-06,36.0,Sallyborough,Idaho
Pamela Knox,1961-06-29,63.0,East Jenniferborough,Louisiana
Christian Stephens,2004-10-03,19.0,Nicoleshire,Kentucky
Adam Cobb,1969-08-31,54.0,Hernandezchester,Maryland
Michelle Patton,1959-02-27,65.0,West Casey,Idaho
Lori Smith,,40.0,East Adamstad,Kentucky
Travis Lopez,1948-05-02,76.0,Paulahaven,Idaho
Emily Cooper,1956-05-01,68.0,Brewerside,Kansas
Melissa Knox,1965-12-07,58.0,Lake Sherri,Idaho
Andre Hughes,1966-09-17,57.0,Liville,Vermont
Ronald Wallace,1939-11-02,84.0,New Annettehaven,Kansas
Kelly White,1975-12-09,48.0,Ralphborough,Utah
Dustin Sims,2005-02-09,19.0,Brownview,North Dakota
Ryan Hogan,1973-08-04,50.0,Lake Cindy,Georgia
Arthur Valentine,1938-12-08,85.0,New Justin,Idaho
Dana Smith,1942-11-25,81.0,Salinasville,Mississippi
Ryan Fleming,1946-07-05,78.0,Douglashaven,Oregon
Stephanie Gomez,1982-04-21,42.0,Jameshaven,Hawaii
Michael Terry,1956-08-04,68.0,East Steven,Montana
Cindy Bell,1981-02-16,43.0,Traceyberg,Texas
Kevin Mcclain,1995-07-11,29.0,Lake Dillon,Mississippi
Jason Jenkins,1998-10-12,,Port Danielle,Iowa
Jeremy Hurley,1986-03-11,38.0,Perkinsfurt,Virginia
Edwin Jones,1984-04-27,40.0,Rodgersfort,Oklahoma
Mrs. Karen Henderson,1959-05-19,65.0,East Dakota,Rhode Island
Sean Ruiz,1964-05-24,60.0,,West Virginia
Terry Mccoy,1993-09-11,30.0,Lake Stephaniechester,Michigan
Jason Robinson,1973-01-21,51.0,South Elizabethshire,Nebraska
Andrew Erickson,1979-02-19,45.0,Andersonborough,Maine
Meredith Strong MD,1947-10-04,76.0,Wareside,Iowa
Maria Martin,1977-11-05,46.0,New Jeremyton,Missouri
Kayla Diaz,1971-11-25,52.0,Kimberlyberg,South Dakota
John Solis,1975-09-12,48.0,East Stevenberg,West Virginia
Heidi Moreno,1962-07-20,62.0,Karenland,Pennsylvania
Thomas Allen,1960-08-04,64.0,Rachelville,North Dakota
Rebecca Ramos,1955-05-28,69.0,West Brian,Maine
Brian Miller,1966-08-21,57.0,Lake Cynthiatown,South Dakota
Deanna Hall,1969-03-31,55.0,Josephshire,Ohio
Nicholas Anderson,1983-08-07,40.0,Brandonfurt,Louisiana
Philip Lopez,1987-06-09,37.0,Port Tyler,New Hampshire
Alexander Duncan,1970-06-20,54.0,Matthewhaven,Kansas
James Chandler,2002-03-28,22.0,Mcneilview,West Virginia
Michelle Roberts,1995-11-01,28.0,Duncanburgh,Indiana
Andrea Cooley,1959-04-11,65.0,Robinsonport,Utah
Eric Henderson,1972-10-01,51.0,Perezport,Missouri
Heather Smith,1940-09-18,83.0,Charlesfort,Indiana
Edward Velasquez,1976-06-26,48.0,Huntchester,New Jersey
Ashley Hall,1997-07-06,27.0,Yeseniafort,Arizona
Juan Richardson,1958-10-03,65.0,Thomasstad,Tennessee
Chelsea Reeves,1946-01-22,78.0,North Jacobchester,New Jersey
David Mccarty,1960-11-08,63.0,Davidburgh,Montana
Mike Obrien,1939-05-23,85.0,East Julie,
Sydney Roberts,1987-10-04,36.0,South Benjamin,Rhode Island
Peggy Oconnell,2005-03-11,19.0,New Angela,Montana
Thomas Taylor,1992-08-17,31.0,Davidmouth,Pennsylvania
Christy Robinson,1993-01-17,31.0,South Dean,South Dakota
Hailey Ballard,1934-05-11,90.0,Taylorton,Michigan
Miranda Matthews,1971-02-06,53.0,Shariberg,North Dakota
Steven Long,2002-07-27,21.0,Alexanderfort,Maryland
Calvin Hernandez,,30.0,South Micheleport,Utah
Sabrina Johnson,1979-10-15,44.0,Lake Sharonland,California
Frank Smith,1963-03-05,61.0,North Emilyview,New Hampshire
Jennifer Pittman,1957-11-20,66.0,Lake Kiara,Georgia
Trevor Wilson,1989-05-14,35.0,Joshuaborough,Missouri
Jennifer Carrillo,1985-11-27,38.0,Kingstad,Louisiana
Emily Colon,1990-12-13,33.0,Jenniferborough,Louisiana
Jamie Perez,2003-10-10,20.0,North Kenneth,Nebraska
Philip Hamilton,,80.0,Wendyshire,Nevada
John Bowen,1974-06-18,50.0,South Paige,Wisconsin
Michael Hunt,1951-07-21,73.0,South Gregorymouth,Rhode Island
Bradley Thomas,1986-07-18,38.0,Susanshire,Oregon
Jessica Lucas,1958-12-15,65.0,South Teresaport,Montana
Melissa Cole,1951-07-31,73.0,Tuckerside,Maine
Kelly Roth,1938-02-11,86.0,Lake Beth,
Alicia Kelley,1947-09-10,76.0,Austinburgh,Washington
Mark Cain,2000-02-16,24.0,New Sara,Kentucky
Bruce Anderson,1963-05-01,61.0,Lake David,South Carolina
Charles Lewis,1990-11-02,33.0,Lake Nathan,Florida
Michael Chavez,1956-09-11,67.0,Carlosstad,New York
Jose Adams,1991-01-13,33.0,Port Miguelton,Indiana
Angela Arellano,1936-11-19,87.0,Lake Alexisburgh,
James Michael,1987-05-14,37.0,South Michele,
Stephen Ruiz,1971-04-02,53.0,Willisborough,California
Mrs. Carolyn Salazar,1951-09-25,72.0,East Julie,West Virginia
Rachel Cisneros,1985-10-03,38.0,Marvinbury,Alaska
Donna Robles,1989-05-15,35.0,West Johnmouth,Pennsylvania
Aaron Nichols,2003-12-20,20.0,Port William,Connecticut
Audrey Stone,1939-10-08,84.0,Port Emilystad,Nebraska
Katherine Martinez,1962-02-17,62.0,Robertberg,Kansas
Kimberly Hill,1934-08-05,90.0,Doughertyberg,West Virginia
Latoya Jones,1951-11-16,72.0,Katieview,South Carolina
Rose Gardner MD,1964-08-05,59.0,Leeport,Texas
Matthew Davidson,1950-12-25,73.0,Davidmouth,Maryland
Edward Roberson,1970-04-17,54.0,,New Hampshire
John Glover,1985-05-30,,East Michael,Virginia
Andre Sosa,1993-07-07,31.0,Morgantown,Arkansas
Jesus Bradley,1934-09-29,89.0,Kathrynstad,Connecticut
Ashley Guerrero,1959-02-22,,South Crystal,Oklahoma
Marcus Vincent,1964-08-09,59.0,Josephmouth,Rhode Island
Cassandra King,1996-11-07,27.0,Pamelashire,Missouri
Zachary Taylor MD,1989-10-05,34.0,Adamsview,Iowa
Brittney Walker,1971-05-23,53.0,Toddland,Idaho
Kimberly Griffin,1993-09-24,30.0,Woodston,Florida
Roger Davis,1955-05-22,69.0,New Russell,Oregon
Matthew Pierce,1998-03-20,26.0,Hamiltonhaven,Missouri
Michael Mora,1955-06-02,69.0,New Michelle,California
Eric Miranda,1961-10-08,62.0,Nicoleport,South Dakota
Brooke Fitzpatrick,1989-10-21,34.0,Briantown,New Jersey
Christopher Davidson,1967-10-21,56.0,New Michaelfort,Iowa
David Williams,1988-08-14,35.0,West Daniel,Rhode Island
Laura Reeves,1942-10-17,81.0,Bowenport,California
Jennifer Roberts,1994-04-11,30.0,Port Samuelville,Oklahoma
Stephen Ramirez,1953-05-04,71.0,New Brianbury,Florida
Brandon Marshall,,31.0,Michaelborough,Georgia
Brandy Reed,1988-02-07,36.0,Bentonchester,Alaska
Bruce Simmons,1990-01-26,34.0,East Marissaside,Michigan
Cassandra Hernandez,1992-07-04,32.0,Nathanshire,Pennsylvania
Ryan Williams,1993-03-24,31.0,Kathrynmouth,Kentucky
Dana Allen,1991-03-17,33.0,South Kyliehaven,Montana
Lauren Rose,1999-07-26,25.0,New Maryland,Delaware
Brianna Perry,2003-10-07,20.0,West Jill,Louisiana
Debra Wilson,1949-06-18,75.0,Kaylaside,Washington
Mrs. Ariana Bentley,1996-07-31,27.0,New Noahmouth,Hawaii
Tina Stewart,1958-02-06,66.0,South Raymond,Illinois
Stacy King,1966-10-21,57.0,Isabellaborough,Oklahoma
Leah Johnson,2003-11-25,20.0,Mccluremouth,New Mexico
Nicolas Hall,1945-11-16,78.0,South Andrew,North Dakota
Daniel Wagner,1981-06-27,43.0,Port Brad,Montana
Susan Gonzales,1958-12-01,65.0,North Ryan,Rhode Island
Shannon Williams,1964-12-23,59.0,New Audreymouth,South Dakota
Mrs. Martha Mathis,1968-09-01,55.0,North Angela,Montana
Paul Hernandez,2003-01-17,21.0,Denisetown,Kansas
Laura Diaz,1946-08-22,77.0,West Kevinland,New Jersey
Luis Nelson,1945-11-10,78.0,Port Danny,Minnesota
Joshua Gibson,1938-03-10,86.0,East Margaretburgh,Massachusetts
Kimberly Fry,1936-03-08,88.0,South Davidfurt,Washington
Jessica Warner,1947-08-01,77.0,West Kelsey,Texas
Samantha Evans,1942-06-23,82.0,West Calebview,Alaska
Tina Brown,1934-01-02,90.0,Priceview,Massachusetts
Scott Smith,1945-11-02,78.0,Avilastad,Illinois
Brian Green,1993-03-04,31.0,New Virginia,New Jersey
Deborah Vega,1971-02-21,53.0,West Annetteburgh,Colorado
Brandon Tucker,1981-05-21,,East Nathan,Florida
Katherine Marshall,2005-05-31,19.0,North Lisa,West Virginia
Anne Jones,,25.0,West Karenfurt,New Jersey
Jordan Foster,1957-11-13,66.0,West Davidfurt,Vermont
Martha Wong,1977-01-08,,Zavalaside,South Dakota
Nancy Lyons,1952-04-08,72.0,Phillipsland,Rhode Island
Audrey Lewis,1967-12-24,56.0,Phillipfurt,Vermont
Kristen Ruiz,1944-02-17,80.0,Washingtonmouth,Alabama
Mark Alvarez,1968-03-21,56.0,Schmidtville,South Dakota
Francisco Jimenez,2002-08-06,21.0,Port Erica,Pennsylvania
Mark Moore,1945-04-02,79.0,Cruzborough,Montana
Cindy Yoder,1979-05-31,45.0,Stephaniehaven,Nebraska
Eric Rodriguez,1976-03-01,48.0,Ruizberg,South Dakota
Perry Schaefer,1958-01-01,66.0,East Joshua,Illinois
Christopher Baker,1990-04-02,34.0,New Meagan,North Dakota
Danny Molina,1938-03-27,,Lake Victoria,Connecticut
Brian Simmons,1966-05-01,58.0,Jeremystad,Arizona
Anthony Moore,2005-03-16,19.0,Brandonshire,Texas
Samuel Obrien,1975-07-08,49.0,Annhaven,Washington
Ryan West,1961-04-21,63.0,Port Sarah,Rhode Island
Belinda Gay,1983-06-08,41.0,Port Kennethland,Michigan
Evelyn Singh,1976-03-17,48.0,Nicholasborough,Arkansas
Yvonne Martinez,1945-05-23,79.0,Angelaville,Arizona
Sophia Snyder,1996-12-18,27.0,West Daveport,Iowa
Suzanne Morgan,1982-11-04,41.0,Davidmouth,Massachusetts
Erika Montgomery,1964-07-23,60.0,Reginaldport,South Dakota
Gary Hughes,1940-08-29,83.0,Garzaview,Delaware
Joseph Gamble,1947-08-08,77.0,,Arizona
Eugene Phillips,1963-02-20,61.0,North Patrickmouth,Rhode Island
George Pineda,1950-10-20,73.0,Jonathanhaven,
Harry Gillespie,2002-04-24,22.0,Floresport,Arizona
Curtis Peterson,1994-02-06,30.0,Henryshire,North Dakota
Ashley Allen,1958-09-10,65.0,Lake Harold,Montana
Joshua Dyer,1993-09-08,30.0,Lake Sabrinaview,North Carolina
Anthony Miller,1990-07-20,34.0,North Sherryhaven,South Carolina
Jennifer Wood,,44.0,Port Ashleyville,Georgia
Sara Gonzalez,1984-01-21,40.0,Alexanderstad,Arkansas
Jessica Collins,1974-08-29,49.0,Port Karenport,Ohio
Krystal Washington,1957-02-16,67.0,Lake Allisonstad,Missouri
Andrea Mccall,1989-03-08,35.0,West David,South Dakota
Laura Parker,,39.0,Fitzpatrickchester,Missouri
Suzanne Snyder,,64.0,South James,Iowa
Anita Mcknight,1998-03-05,26.0,Jenniferville,Wisconsin
Jody Thomas,,38.0,Brianstad,Utah
Sharon Davis,2001-05-11,23.0,Nicolefurt,Nevada
Patrick Wagner,1973-01-18,51.0,Lake Ericaland,North Dakota
Leslie Nash,1962-11-10,61.0,West Kelly,Mississippi
Brian Blair,1982-08-29,41.0,Port Michellemouth,Louisiana
Christina Green,1954-04-02,70.0,South Reneeside,Alaska
Juan Armstrong,1941-01-01,83.0,Johnland,Alaska
William Thomas,1970-05-03,54.0,Lake Stephanie,Indiana
Victor Mckay,1974-08-20,49.0,New Peterbury,Georgia
Robert Simpson,1969-03-10,55.0,Port Lindsayborough,Oklahoma
Tina Graham,1994-07-05,30.0,Lindsayberg,New Jersey
Sarah Bernard,1954-06-20,,West Danielmouth,South Carolina
Keith Gallegos,1973-05-24,51.0,Dustinport,Mississippi
Zachary Avery,1954-02-05,70.0,Whiteheadstad,Alaska
Mark White,1943-02-18,81.0,Samanthaport,California
David Sharp,1963-11-03,60.0,Middletonview,
Jesse Jackson,1945-08-28,78.0,Port Stephenmouth,Nebraska
Karen Anderson,1949-04-05,75.0,Scottstad,Arkansas
David Padilla,2005-05-11,19.0,North Jacob,South Carolina
Johnny Taylor,1936-09-24,87.0,East Jennifer,Kansas
Jacob Kaufman,1962-08-31,61.0,West Jesus,Alabama
Zachary Leonard,1948-02-13,76.0,Darylland,Missouri
Colleen Molina,1990-06-13,34.0,Port Josephland,Texas
Mason James,1954-10-29,69.0,West Lorraineshire,New Mexico
John Barrett,1948-06-07,76.0,Lake Curtis,Nebraska
Alexa Wright,1961-01-10,63.0,West Brian,Maryland
Danielle Chase,1967-07-01,57.0,East Jennybury,Washington
John Cohen,1957-07-31,67.0,Erikland,Nebraska
Brandon Cook,1949-04-08,75.0,Rebeccaport,New York
Melinda Smith,1997-01-11,27.0,Brendaview,New York
Maria Chen,1982-02-08,42.0,Billybury,Tennessee
Jessica Mann,1952-08-10,71.0,New Michelle,Arkansas
Garrett Coleman,1998-11-15,25.0,East Meagantown,Pennsylvania
William Hale,1985-11-27,38.0,Port Darrellmouth,Illinois
Glenda Robinson,1937-09-17,86.0,North Shawnahaven,North Dakota
Andrew Austin,1996-04-12,28.0,Charlesland,Oregon
Christy Brown,1997-05-19,27.0,Royfurt,Texas
Tonya Lewis,1961-03-28,,Lake Jodimouth,Alabama
Emma Hampton,1963-03-06,61.0,Mariafort,Idaho
Susan Wilson,2004-03-30,20.0,Chadstad,Idaho
Christopher Reeves,1970-05-27,54.0,Pamelaside,Alabama
Timothy Alexander,1965-09-25,58.0,Greenemouth,Connecticut
Robin Hicks,1937-03-23,87.0,Lake William,New Mexico
Manuel Medina,1980-07-02,44.0,Cooperburgh,Idaho
Gregory Haas,2002-05-17,22.0,New Shanebury,New Mexico
James Adams,1988-04-21,36.0,Lake Paul,New Jersey
Kristin Moore,1976-01-14,48.0,South Jerry,Wyoming
Chad Ingram,1953-01-07,71.0,Nicholashaven,Montana
Tim Russell,2005-06-21,19.0,Melissaland,South Dakota
Mrs. Mary Hampton,1961-08-14,62.0,Jessicaberg,Kentucky
Tanya Johnson,1998-09-24,25.0,West Kyle,
Tracy Vasquez,1982-11-19,,Lake Mitchellport,Illinois
Michelle Santiago,1935-08-09,89.0,Michaelview,South Carolina
David Johnson,2004-09-17,19.0,Hawkinschester,Oklahoma
Kenneth Sullivan,1986-01-03,38.0,East Allison,Pennsylvania
Maria Williams,1964-03-23,60.0,Hartmanbury,New Hampshire
Kristen Gilmore,1971-09-22,52.0,Meganhaven,Maryland
Sean Ochoa,1954-08-27,69.0,North Sharon,Oregon
John George,1937-11-25,86.0,New Julie,Texas
Kara Yoder,2001-03-02,23.0,Katherineborough,Nevada
Justin Moreno,1964-10-03,59.0,East Natalie,Georgia
Eric Jones,1960-07-17,64.0,New Ian,Kansas
Alfred Castro,1979-05-20,45.0,,Maryland
Joseph Simon,2003-10-03,20.0,Waltonland,Alabama
Joseph Jarvis,1955-01-22,69.0,South Geoffreyport,Tennessee
Heidi French,1983-01-25,41.0,New Lindsaymouth,New York
Jacqueline Robinson,1960-07-12,64.0,Jasonville,Illinois
Christina Chaney,1957-08-28,66.0,Andreamouth,California
Janice Walter,1980-11-30,43.0,New Rachael,Ohio
Benjamin Baker,1938-01-06,86.0,Port Coreystad,Maine
Anthony Dyer,1951-06-06,73.0,,North Dakota
David Hess,1944-10-23,79.0,East Carolside,Rhode Island
Lisa Turner,1952-10-31,71.0,North Jose,Mississippi
Anthony Schultz,1983-10-23,40.0,Donovanmouth,Maine
Frank Kennedy,1947-10-20,76.0,Port Scottstad,Montana
Stephanie Thompson,1992-01-25,32.0,East Cheryl,Wisconsin
Cindy Wise,1939-12-18,84.0,East Michaelbury,Michigan
Ryan Miller,1964-06-19,60.0,South Lorettahaven,Delaware
Jasmine Phillips,1965-06-05,59.0,South Matthew,North Dakota
Joshua Hogan,1956-08-05,,West Paul,Pennsylvania
Joseph Frey,1949-06-02,75.0,Port Thomastown,Virginia
Ricardo Obrien,1935-07-30,89.0,North Jared,Idaho
Nicholas Butler PhD,1947-06-12,77.0,Murphyland,Texas
Kayla Jackson,1988-07-06,36.0,Gallagherville,Delaware
Richard Hernandez,1987-03-05,,Derekton,New York
Sarah Adkins,1958-02-04,66.0,Kathyfurt,Maine
Lisa Morrison,1972-08-01,52.0,South Brentport,Tennessee
Eric Morgan,1964-04-21,60.0,Edwardshaven,Utah
Adam Hall,1972-12-04,51.0,Lake James,
Mary Perez,1972-06-15,52.0,North Lauren,Arizona
Jennifer Hart,1983-08-16,40.0,Port Wendyton,Tennessee
Miss Stephanie Rodriguez DDS,1938-01-13,86.0,Martinezville,Alaska
Hector Adams,1989-05-11,35.0,Powerstown,North Carolina
Benjamin Jensen,1944-10-03,79.0,Jaredview,Delaware
Riley Jones,1981-10-10,42.0,South Michael,Washington
Henry Brooks,1984-03-28,40.0,East Amyfort,Colorado
Matthew Hall,1955-02-21,69.0,Lake Ginaborough,Idaho
